id,player,match,time
23,281,5,59
22,241,5,30
10,81,2,88
11,3,2,18
12,123,2,5
13,283,2,64
9,321,2,60
24,281,6,44
26,201,6,46
25,81,6,39
28,121,7,49
29,41,7,60
31,201,7,41
32,288,7,58
33,328,7,58
30,401,7,55
35,168,7,2
36,168,7,87
34,208,7,4
27,121,7,35
1,321,1,44
4,322,1,50
2,121,1,17
3,241,1,87
5,82,1,25
6,402,1,10
8,2,1,53
7,282,1,49
37,1,8,8
38,1,8,12
39,49,8,29
40,89,8,32
41,9,8,79
43,361,10,70
44,361,10,39
45,161,10,36
46,411,10,13
47,51,10,20
48,331,10,7
49,11,10,3
50,131,10,51
51,372,11,57
52,253,12,17
53,133,12,38
54,173,12,72
55,413,12,37
14,241,4,53
15,401,4,44
16,201,4,68
17,121,4,20
18,241,4,41
19,5,4,38
20,125,4,78
21,365,4,44
61,81,15,19
65,56,15,72
66,176,15,13
63,121,15,79
62,41,15,70
64,136,15,17
42,290,9,41
56,361,13,69
57,281,13,45
58,401,13,65
60,414,13,66
59,214,13,79
80,281,19,47
81,121,19,1
84,220,19,43
82,121,19,60
83,1,19,48
85,220,19,48
86,201,20,75
87,361,20,45
88,1,20,27
89,161,20,40
90,141,20,16
69,361,17,47
72,98,17,62
73,338,17,47
71,321,17,36
70,1,17,38
93,22,21,54
94,142,21,88
95,62,21,56
91,262,21,27
92,22,21,20
74,241,18,19
78,259,18,17
76,59,18,31
75,321,18,87
79,219,18,13
77,19,18,73
96,41,22,59
97,23,22,83
98,223,22,69
99,343,22,29
100,303,22,7
101,104,23,22
104,184,23,48
105,104,23,77
102,24,23,39
103,344,23,78
106,281,24,55
108,321,24,27
107,161,24,15
109,401,24,81
110,281,24,30
112,345,24,56
111,225,24,31
113,185,24,53
114,186,25,61
124,349,28,65
125,109,28,87
126,429,28,21
127,309,28,18
128,29,28,70
115,201,26,90
117,241,26,27
118,307,26,14
116,281,26,20
129,321,29,5
130,1,29,14
132,70,29,29
131,1,29,4
134,241,30,72
135,281,30,3
136,241,30,75
133,401,30,74
138,361,31,3
137,321,31,79
139,432,31,39
140,432,31,41
141,392,31,54
142,313,32,32
143,361,33,15
145,401,33,18
146,314,33,50
147,194,33,29
144,121,33,86
148,154,33,18
119,41,27,23
120,81,27,16
121,161,27,85
122,401,27,5
123,41,27,16
68,337,16,34
67,81,16,62
157,241,35,58
158,321,35,2
160,396,35,67
159,41,35,35
156,161,35,31
162,76,35,40
163,396,35,39
164,36,35,78
155,81,35,46
161,196,35,77
174,1,37,10
173,161,37,70
175,78,37,41
149,121,34,60
150,241,34,1
151,281,34,8
153,121,34,3
154,315,34,40
152,241,34,18
177,1,38,24
176,401,38,37
179,159,38,39
180,39,38,53
181,199,38,68
178,161,38,48
187,82,40,71
189,2,40,39
188,242,40,67
182,281,39,71
184,40,39,80
183,200,39,46
186,120,39,90
185,320,39,57
198,405,42,11
199,285,42,67
197,325,42,70
200,165,42,25
191,122,41,86
190,162,41,2
192,242,41,25
193,402,41,27
194,362,41,89
195,4,41,82
196,364,41,23
165,241,36,75
169,161,36,82
168,201,36,74
167,121,36,79
171,117,36,40
170,77,36,42
172,397,36,85
166,121,36,17
215,8,45,27
213,88,45,69
216,328,45,65
217,328,45,43
214,328,45,68
202,82,43,18
205,366,43,43
201,242,43,81
204,286,43,55
203,122,43,30
218,202,46,53
219,162,46,26
220,202,46,59
222,162,46,6
221,282,46,28
224,402,47,81
223,282,47,15
225,162,47,64
226,362,47,31
227,402,47,24
228,10,47,11
230,322,48,59
229,42,48,72
231,2,48,61
233,11,48,17
234,211,48,62
235,331,48,38
232,11,48,20
236,11,48,26
237,2,49,36
238,12,49,34
240,373,50,60
241,413,50,40
239,202,50,26
242,253,50,25
243,173,50,49
244,13,50,57
207,82,44,45
208,42,44,31
206,122,44,36
210,167,44,25
209,327,44,16
212,247,44,25
211,247,44,18
245,294,51,44
264,98,55,9
262,402,55,69
263,82,55,39
261,42,55,84
258,337,54,87
259,417,54,28
257,362,54,34
260,337,54,83
265,402,56,50
266,82,56,29
267,19,56,35
268,179,56,25
269,219,56,12
270,299,56,70
247,375,52,52
246,135,52,58
271,2,57,42
272,242,57,31
274,2,57,36
273,162,57,37
275,20,57,60
278,100,57,60
277,20,57,1
276,420,57,88
279,242,58,22
280,381,58,79
282,141,58,44
283,381,58,43
281,341,58,61
284,2,59,71
285,42,59,13
286,282,59,85
288,182,59,12
287,162,59,23
289,82,60,28
290,122,60,29
291,242,60,30
296,82,62,84
299,82,62,15
298,2,62,64
300,2,62,13
297,122,62,67
293,184,61,5
292,344,61,51
294,344,61,87
295,224,61,57
301,402,63,74
303,306,63,80
302,162,63,84
305,26,63,68
304,266,63,13
308,2,65,74
310,122,65,84
311,428,65,21
309,362,65,73
315,348,65,4
312,388,65,24
314,308,65,88
313,428,65,4
306,387,64,49
307,27,64,75
316,122,66,52
318,110,67,36
320,310,67,77
317,122,67,35
319,190,67,42
321,202,68,90
324,2,68,12
325,111,68,63
323,162,68,11
322,162,68,34
248,2,53,26
249,402,53,30
251,162,53,42
250,122,53,32
252,416,53,44
253,336,53,32
255,416,53,8
256,16,53,47
254,16,53,34
337,322,71,39
338,2,71,78
339,194,71,7
342,354,71,74
341,74,71,49
343,314,71,33
340,234,71,20
344,322,73,56
346,2,73,69
345,162,73,3
347,402,73,52
350,116,73,42
349,276,73,19
351,76,73,90
352,116,73,90
353,356,73,39
348,122,73,29
354,82,74,3
355,282,74,38
356,122,74,34
357,362,74,23
358,162,75,65
360,122,75,83
359,202,75,39
361,398,75,14
362,358,75,38
364,398,75,10
363,398,75,60
365,358,75,4
366,2,76,21
367,202,76,45
368,282,76,60
370,239,76,71
371,199,76,56
369,319,76,11
326,2,69,44
328,232,69,67
327,282,69,24
329,232,69,62
372,82,77,83
375,202,77,24
374,202,77,69
373,42,77,71
377,160,77,25
376,80,77,8
378,360,77,56
379,280,77,88
380,160,77,67
330,282,70,6
334,393,70,40
332,402,70,55
335,353,70,84
336,313,70,16
333,433,70,78
331,282,70,81
384,363,80,4
385,126,80,70
387,286,80,67
386,366,80,86
388,166,80,54
391,283,81,40
392,367,81,13
393,7,81,62
389,43,81,20
390,43,81,86
382,365,79,16
383,85,79,17
400,209,83,56
403,329,83,46
402,409,83,24
401,209,83,51
405,283,84,23
407,403,84,8
408,283,84,18
406,363,84,16
404,323,84,6
394,163,82,16
395,323,82,54
396,43,82,79
399,408,82,63
398,403,82,28
397,43,82,55
409,323,85,19
410,363,85,55
411,131,85,69
416,123,87,68
417,123,87,8
418,133,87,76
412,3,86,53
414,92,86,47
413,203,86,50
415,292,86,35
427,243,89,66
428,15,89,34
429,375,89,22
431,323,90,74
432,163,90,9
430,123,90,72
419,3,88,34
422,294,88,62
420,403,88,72
423,294,88,39
424,414,88,7
421,43,88,50
425,414,88,59
426,14,88,56
433,203,91,15
434,43,91,7
435,43,91,71
436,403,91,7
437,177,91,50
438,177,91,54
439,97,91,17
381,284,78,1
441,203,92,86
442,338,92,2
444,418,92,68
445,98,92,83
443,418,92,6
440,43,92,21
446,18,92,69
450,83,93,74
451,19,93,44
452,339,93,56
448,403,93,79
453,339,93,64
447,83,93,64
449,403,93,69
454,163,94,2
455,43,94,60
456,3,94,43
457,363,94,12
461,100,94,38
459,20,94,76
460,60,94,73
458,20,94,82
462,101,95,3
463,421,95,49
464,21,95,72
465,301,95,37
466,141,95,57
467,283,96,72
477,3,98,15
476,203,98,86
478,144,98,24
479,144,98,8
481,24,98,69
475,363,98,69
480,104,98,48
482,424,98,79
488,363,100,27
487,163,100,2
490,26,100,83
489,3,100,19
491,346,100,70
494,43,101,87
495,227,101,22
496,427,101,3
497,147,101,31
498,227,101,22
493,123,101,23
492,403,101,45
499,27,101,54
500,243,102,10
501,163,102,40
503,363,102,25
502,323,102,28
505,388,102,69
504,203,102,42
506,363,103,62
507,149,103,90
508,43,104,33
509,203,104,84
510,243,104,30
511,403,104,3
515,270,104,44
514,390,104,61
512,270,104,37
513,150,104,26
516,123,105,28
517,271,105,17
518,431,105,64
519,191,105,45
485,265,99,77
484,43,99,42
486,345,99,42
483,243,99,72
523,163,107,14
524,363,107,5
525,33,107,41
526,433,107,85
527,193,107,12
528,393,107,10
522,43,107,21
529,33,107,52
521,403,107,19
530,363,108,56
531,123,108,40
534,274,108,15
533,394,108,84
532,354,108,62
535,3,109,85
537,203,109,41
536,403,109,70
539,275,109,19
538,163,109,1
540,275,109,23
541,355,109,73
544,43,110,23
543,283,110,19
545,43,110,47
546,76,110,60
542,83,110,88
547,123,111,58
548,43,111,71
552,117,111,45
550,3,111,70
553,37,111,31
551,37,111,52
554,357,111,56
549,283,111,83
555,363,112,2
556,43,112,17
557,198,112,66
468,43,97,66
469,243,97,63
471,203,97,21
472,423,97,17
470,43,97,40
473,343,97,24
474,143,97,8
561,83,114,15
562,40,114,70
569,126,116,40
570,166,116,38
571,6,116,23
572,286,116,48
563,284,115,39
567,204,115,4
568,85,115,21
565,204,115,53
566,204,115,29
564,244,115,86
573,164,117,31
574,364,117,47
575,167,117,60
576,167,117,26
577,47,117,4
578,7,117,11
558,399,113,1
560,239,113,46
559,399,113,29
579,124,118,81
580,48,118,21
581,408,118,78
582,124,119,25
583,44,119,33
584,44,119,12
587,169,119,79
588,369,119,81
585,4,119,86
586,284,119,31
589,4,120,77
590,330,120,82
592,284,121,37
591,84,121,15
593,291,121,12
596,364,122,65
594,124,122,13
595,164,122,36
598,12,122,33
597,132,122,27
520,72,106,8
601,204,123,16
602,284,123,72
604,253,123,51
603,364,123,88
600,84,123,50
599,4,123,81
621,257,127,78
622,4,128,46
623,204,128,52
627,338,128,21
624,204,128,41
625,284,128,47
626,338,128,15
620,164,126,38
630,404,130,15
632,44,130,77
633,100,130,63
634,100,130,12
635,340,130,32
636,220,130,35
631,4,130,65
637,220,130,25
638,44,131,36
639,284,131,70
641,204,131,11
642,364,131,30
643,101,131,18
640,244,131,73
605,124,124,44
606,204,124,22
608,284,124,8
609,124,124,49
610,334,124,57
611,94,124,63
607,364,124,32
612,244,125,76
614,204,125,89
613,4,125,9
616,55,125,49
615,175,125,23
618,415,125,2
617,415,125,45
619,255,125,66
628,244,129,87
629,299,129,16
650,124,133,28
651,204,133,31
652,364,133,64
653,204,133,89
654,204,133,72
656,343,133,74
657,383,133,87
658,143,133,68
655,423,133,19
667,244,135,18
668,44,135,70
670,305,135,29
669,105,135,17
674,107,137,17
677,67,137,21
675,107,137,75
676,387,137,25
671,84,136,32
672,186,136,45
673,306,136,35
681,404,139,37
682,164,139,26
683,229,139,2
684,109,139,29
685,109,139,46
686,189,139,9
687,69,139,53
678,164,138,75
680,44,138,23
679,364,138,62
688,84,140,3
689,244,140,25
690,70,140,34
659,284,134,49
660,44,134,33
661,4,134,30
662,4,134,2
663,64,134,13
664,424,134,65
665,144,134,60
666,184,134,33
706,164,143,64
707,273,143,47
708,313,143,51
709,193,143,57
710,233,143,2
705,84,143,12
644,4,132,29
646,124,132,53
647,164,132,53
648,22,132,20
649,422,132,34
645,284,132,21
714,404,145,35
715,35,145,86
716,75,145,3
717,75,145,21
718,275,145,50
719,235,145,84
711,244,144,37
712,244,144,82
713,124,144,87
720,44,147,69
721,164,147,87
722,324,147,88
723,324,147,67
724,317,147,4
725,157,147,2
726,157,147,10
727,357,147,5
728,164,148,88
729,278,148,14
730,278,148,45
731,398,148,40
732,78,148,45
733,118,148,73
734,324,149,17
735,364,149,34
736,324,149,18
739,359,149,44
740,119,149,76
737,244,149,84
738,4,149,46
741,84,150,71
742,164,150,62
743,280,150,64
746,5,152,12
747,127,152,48
748,127,152,29
744,366,151,47
745,126,151,15
749,365,153,50
750,245,153,34
751,365,153,74
752,248,153,61
753,85,154,39
756,85,154,68
757,89,154,32
755,5,154,43
754,5,154,1
758,49,154,1
759,49,154,80
691,84,141,37
692,44,141,63
693,244,141,12
694,244,141,51
696,31,141,85
697,191,141,79
695,84,141,21
762,165,156,3
765,285,156,19
766,131,156,42
767,171,156,12
768,171,156,23
769,331,156,21
763,285,156,64
764,5,156,21
770,45,157,79
772,212,157,18
771,412,157,89
773,165,158,32
775,165,158,62
776,405,158,71
774,365,158,41
777,45,158,28
778,93,158,24
781,165,159,32
779,125,159,7
780,5,159,77
783,414,159,18
782,325,159,41
784,85,160,62
785,285,160,88
786,215,160,3
789,295,160,64
788,215,160,58
787,55,160,89
761,10,155,34
760,210,155,61
698,4,142,41
699,284,142,75
700,84,142,83
701,112,142,59
702,72,142,44
703,72,142,19
704,392,142,48
790,85,161,41
791,45,161,9
793,165,162,52
792,85,162,88
794,365,162,75
795,17,162,10
796,297,162,49
797,257,162,58
798,217,162,42
799,5,163,5
800,5,163,89
801,405,163,30
802,85,163,72
804,58,163,29
805,258,163,9
803,205,163,80
806,179,164,27
807,85,165,43
808,125,165,70
810,220,165,54
809,180,165,87
811,60,165,17
827,5,168,82
828,245,168,32
829,205,168,5
833,383,168,78
832,23,168,55
830,45,168,29
834,183,168,32
835,303,168,72
831,343,168,34
836,365,169,3
837,205,169,44
839,24,169,90
840,184,169,81
838,24,169,15
822,85,167,72
823,165,167,89
824,205,167,42
826,342,167,45
825,205,167,14
849,266,171,37
850,26,171,50
851,346,171,57
852,306,171,52
853,346,171,9
841,285,170,21
843,245,170,62
842,125,170,5
844,285,170,70
848,65,170,32
846,145,170,3
847,185,170,7
845,385,170,70
854,325,172,30
855,245,172,27
856,205,172,12
858,67,172,74
859,387,172,67
857,227,172,15
860,107,172,44
861,285,173,16
862,268,173,75
863,428,173,2
813,85,166,81
812,245,166,26
814,165,166,50
815,165,166,70
816,85,166,54
817,341,166,30
821,301,166,30
819,21,166,33
820,221,166,89
818,381,166,84
871,205,175,59
870,125,175,22
874,430,175,47
875,110,175,37
872,5,175,32
876,150,175,16
877,430,175,89
873,285,175,4
879,32,177,18
878,325,177,32
887,365,180,51
888,45,180,70
892,395,180,42
893,75,180,22
890,85,180,66
891,5,180,18
889,45,180,54
883,5,179,1
880,365,179,34
882,245,179,12
881,85,179,61
884,285,179,26
885,114,179,36
886,34,179,52
894,45,181,26
895,356,181,53
897,116,181,71
896,396,181,75
898,36,181,69
905,245,183,84
906,45,183,39
907,398,183,52
908,318,183,74
909,318,183,79
911,318,183,60
910,38,183,20
912,45,184,22
913,165,184,85
915,319,184,63
914,325,184,8
916,285,185,81
918,125,185,77
917,45,185,13
919,365,185,21
925,286,187,36
926,8,187,7
927,248,187,32
928,48,187,47
929,368,187,29
922,47,186,42
921,126,186,75
923,7,186,39
924,7,186,52
920,166,186,27
932,86,188,82
931,86,188,71
933,366,188,13
934,89,188,32
935,249,188,2
930,246,188,42
936,249,188,23
937,169,188,6
866,165,174,74
864,245,174,13
867,205,174,9
869,269,174,37
868,309,174,21
865,405,174,54
900,325,182,56
899,365,182,13
904,237,182,12
902,77,182,16
903,317,182,42
901,157,182,48
947,11,190,6
953,246,192,84
954,286,192,40
955,413,192,18
956,286,193,31
958,86,193,45
959,414,193,8
960,94,193,58
962,14,193,38
957,166,193,42
961,254,193,15
963,86,194,35
966,366,194,60
967,55,194,21
965,46,194,41
964,246,194,16
968,206,195,51
969,206,195,81
970,416,195,83
971,126,196,60
974,18,197,11
973,86,197,76
975,258,197,63
976,218,197,64
972,206,197,83
950,126,191,26
948,246,191,73
949,206,191,64
951,86,191,29
952,6,191,55
939,326,189,69
940,406,189,42
943,330,189,19
942,246,189,77
941,46,189,40
944,250,189,49
945,50,189,35
938,286,189,28
946,90,189,49
987,46,200,87
989,406,200,46
990,246,200,72
988,86,200,87
991,341,200,86
992,141,200,32
993,341,200,9
994,406,201,49
998,166,201,66
999,382,201,60
996,366,201,44
1000,102,201,56
995,6,201,49
997,6,201,84
1003,86,202,46
1001,206,202,52
1002,206,202,52
1005,63,202,33
1004,103,202,80
1007,246,203,43
1008,406,203,72
1009,264,203,73
1010,424,203,6
1011,224,203,50
1013,344,203,9
1006,406,203,22
1012,344,203,65
1014,406,204,3
1015,166,204,11
1018,65,204,69
1016,305,204,80
1017,105,204,1
1019,206,205,44
1020,46,205,81
1021,126,205,48
1023,106,205,83
1024,266,205,46
1025,266,205,74
1022,306,205,23
1026,426,205,27
1034,108,207,12
1033,166,207,87
1038,28,207,90
1037,148,207,56
1036,228,207,71
1035,388,207,20
977,366,198,27
978,86,198,14
979,406,198,26
980,206,198,40
1040,326,208,83
1039,166,208,78
1042,326,208,24
1041,46,208,47
1043,286,209,38
1044,166,209,37
1046,230,209,12
1047,190,209,68
1045,286,209,59
1048,151,210,89
1049,311,210,89
1051,392,211,3
1052,432,211,80
1053,352,211,59
1050,192,211,84
1054,232,211,62
1056,126,212,6
1058,353,212,2
1059,193,212,23
1057,353,212,8
1055,166,212,19
983,166,199,66
982,206,199,76
984,6,199,25
985,340,199,79
986,380,199,51
981,406,199,33
1071,356,215,38
1027,126,206,81
1030,387,206,25
1029,206,206,68
1032,107,206,19
1031,307,206,75
1028,406,206,59
1072,166,216,31
1073,366,216,10
1074,326,216,58
1078,317,216,54
1075,206,216,82
1077,157,216,51
1076,317,216,7
1085,166,218,55
1086,46,218,39
1087,79,218,66
1079,166,217,70
1080,286,217,15
1081,326,217,32
1082,238,217,77
1083,238,217,46
1084,158,217,86
1088,46,219,19
1089,286,219,18
1090,46,219,54
1091,40,219,10
1094,407,220,14
1096,87,220,81
1093,287,220,77
1097,328,220,48
1095,327,220,54
1092,7,220,39
1067,166,214,60
1065,6,214,19
1069,206,214,32
1068,126,214,64
1066,326,214,3
1070,395,214,82
1110,47,223,85
1109,367,223,82
1111,167,223,31
1112,407,223,87
1113,171,223,16
1114,331,223,71
1115,91,223,86
1117,211,223,79
1116,131,223,88
1107,167,222,18
1108,47,222,33
1119,372,224,27
1120,132,224,87
1118,212,224,37
1122,413,225,70
1121,407,225,11
1123,253,225,58
1124,253,225,49
1125,293,225,37
1126,53,225,80
1127,287,226,53
1130,174,226,10
1128,47,226,27
1131,94,226,77
1132,294,226,87
1129,214,226,87
1133,167,227,42
1134,295,227,86
1135,15,227,30
1136,15,227,49
1138,367,228,18
1137,367,228,73
1139,247,228,27
1140,247,228,46
1141,336,228,58
1142,296,228,37
1143,16,228,30
1144,176,228,38
1154,327,230,69
1155,47,230,74
1157,218,230,57
1156,167,230,16
1158,258,230,5
1159,18,230,56
1160,58,230,24
1161,418,230,15
1164,127,231,33
1163,247,231,4
1162,87,231,66
1165,379,231,62
1098,167,221,43
1102,287,221,47
1103,209,221,65
1099,127,221,70
1104,209,221,44
1101,287,221,44
1106,169,221,69
1105,329,221,59
1100,127,221,74
1166,247,232,13
1167,87,232,87
1168,407,232,6
1169,140,232,46
1173,260,232,34
1172,420,232,51
1170,300,232,74
1171,140,232,70
1174,127,233,89
1175,47,233,42
1177,421,233,65
1176,181,233,76
1178,341,233,13
1179,21,233,52
1180,22,234,44
1181,62,234,90
1182,302,234,41
1183,367,235,51
1184,247,235,51
1186,287,235,14
1185,7,235,66
1187,167,235,43
1188,303,235,24
1189,263,235,6
1190,143,235,4
1147,127,229,43
1148,47,229,52
1149,47,229,76
1150,57,229,68
1151,137,229,37
1152,217,229,53
1146,87,229,85
1145,87,229,28
1153,17,229,49
1060,206,213,57
1062,286,213,30
1063,126,213,48
1061,246,213,44
1064,314,213,70
1198,127,238,77
1199,207,238,20
1200,327,238,81
1201,207,239,11
1202,47,239,66
1203,27,239,22
1204,67,239,82
1214,247,241,82
1215,87,241,52
1217,287,241,83
1216,87,241,35
1219,269,241,74
1218,349,241,62
1213,167,241,31
1222,349,241,26
1221,389,241,14
1220,149,241,80
1205,7,240,20
1206,407,240,54
1207,287,240,49
1208,7,240,33
1210,388,240,78
1211,108,240,69
1209,388,240,31
1212,108,240,2
1224,287,242,62
1226,127,242,21
1223,167,242,9
1227,287,242,60
1225,7,242,82
1229,110,242,64
1228,270,242,55
1231,311,243,71
1232,391,243,37
1230,231,243,69
1191,247,236,41
1192,87,236,65
1245,407,246,56
1246,154,246,45
1241,47,245,16
1244,153,245,63
1243,153,245,27
1242,153,245,86
1249,355,247,27
1250,155,247,56
1248,287,247,11
1247,207,247,2
1251,367,248,43
1252,127,248,79
1253,367,249,34
1254,47,249,68
1255,207,249,43
1256,247,249,15
1257,167,249,63
1259,277,249,39
1258,77,249,53
1260,197,249,18
1261,37,249,29
1262,327,250,83
1267,167,252,80
1268,7,252,51
1270,247,252,35
1271,7,252,56
1272,120,252,36
1274,240,252,42
1273,280,252,84
1269,167,252,82
1275,240,252,85
1276,400,252,12
1277,8,253,7
1278,128,253,8
1279,168,253,76
1281,9,253,5
1280,9,253,38
1233,7,244,2
1234,127,244,80
1235,47,244,74
1236,327,244,89
1237,312,244,60
1240,232,244,29
1238,72,244,49
1239,152,244,79
1282,250,254,62
1283,290,254,32
1284,90,254,89
1285,8,255,7
1287,208,255,54
1286,208,255,84
1288,368,255,27
1290,91,255,72
1289,131,255,16
1298,93,257,31
1299,213,257,57
1300,293,257,40
1301,173,257,84
1291,368,256,56
1293,328,256,34
1292,128,256,58
1294,328,256,55
1295,8,256,16
1297,212,256,90
1296,132,256,37
1263,247,251,84
1264,327,251,31
1265,207,251,26
1266,159,251,68
1193,207,237,89
1194,185,237,2
1195,25,237,27
1196,305,237,65
1197,145,237,53
1316,257,261,76
1315,137,261,18
1317,137,261,61
1318,17,261,69
1319,377,261,65
1310,256,260,77
1313,16,260,30
1311,296,260,36
1312,96,260,45
1314,56,260,13
1320,288,262,81
1321,368,262,49
1322,8,263,64
1323,128,263,25
1325,299,263,32
1324,368,263,33
1326,299,263,45
1327,139,263,85
1328,339,263,28
1329,8,264,71
1330,168,264,31
1331,408,264,29
1333,248,264,69
1332,288,264,79
1334,180,264,2
1336,60,264,55
1335,260,264,85
1337,340,264,17
1338,220,264,30
1339,8,265,22
1340,408,265,20
1341,208,265,49
1344,142,266,28
1342,262,266,33
1343,102,266,40
1302,208,258,11
1303,8,258,30
1304,214,258,47
1305,208,259,13
1306,48,259,9
1307,8,259,74
1308,295,259,49
1309,415,259,32
1364,385,269,62
1363,248,269,16
1365,425,269,17
1366,425,269,12
1368,65,269,31
1367,225,269,33
1372,168,271,17
1373,168,271,79
1376,347,271,8
1375,107,271,3
1377,67,271,79
1378,227,271,19
1374,408,271,83
1369,26,270,47
1370,346,270,88
1371,426,270,51
1379,8,272,84
1380,368,272,28
1381,428,272,39
1383,388,272,81
1382,308,272,84
1385,150,274,30
1386,150,274,19
1387,430,274,49
1388,350,274,81
1384,430,274,48
1392,8,276,28
1391,328,276,24
1389,71,275,87
1390,391,275,84
1393,288,277,42
1394,88,277,25
1395,88,277,83
1396,288,277,79
1397,288,277,66
1345,48,267,49
1346,168,267,41
1347,248,267,68
1348,128,267,76
1349,368,267,40
1352,63,267,66
1350,143,267,2
1351,63,267,39
1353,48,268,38
1354,408,268,8
1355,8,268,58
1356,408,268,86
1357,128,268,87
1358,104,268,50
1360,64,268,36
1362,64,268,44
1361,24,268,39
1359,384,268,7
1400,8,278,65
1401,128,278,69
1402,274,278,43
1403,34,278,57
1398,88,278,71
1404,314,278,58
1405,154,278,63
1399,88,278,38
1409,155,279,24
1408,275,279,6
1406,248,279,82
1410,35,279,67
1411,35,279,22
1407,168,279,33
1412,328,280,82
1413,368,280,49
1414,328,280,23
1416,36,280,7
1415,208,280,49
1417,8,281,16
1418,288,281,36
1419,128,281,32
1420,128,281,5
1421,168,281,22
1422,8,282,3
1423,88,282,7
1424,398,282,20
1433,248,284,80
1436,360,284,57
1435,408,284,12
1437,80,284,31
1438,280,284,71
1434,408,284,11
1427,408,283,66
1426,48,283,12
1428,239,283,85
1429,279,283,45
1430,79,283,49
1431,359,283,83
1432,159,283,25
1425,368,283,1
1448,89,286,27
1449,89,286,5
1450,369,286,48
1451,249,286,55
1454,51,286,53
1452,11,286,41
1453,411,286,11
1455,169,287,57
1456,249,287,27
1457,89,287,56
1458,369,287,32
1459,129,287,23
1462,92,287,64
1463,172,287,90
1461,12,287,58
1464,252,287,69
1460,372,287,87
1472,169,289,27
1473,369,289,10
1474,334,289,48
1471,129,289,86
1466,9,288,89
1465,129,288,24
1467,289,288,29
1468,249,288,80
1469,93,288,66
1470,133,288,2
1475,249,290,12
1477,335,290,11
1476,335,290,30
1478,255,290,5
1479,375,290,59
1481,369,291,50
1482,289,291,37
1480,249,291,18
1483,129,291,33
1484,216,291,57
1485,176,291,36
1486,16,291,2
1487,376,291,30
1488,336,291,38
1494,89,294,48
1495,299,294,44
1491,258,293,81
1492,18,293,6
1493,138,293,90
1489,338,293,31
1490,178,293,45
1439,49,285,58
1440,409,285,32
1441,9,285,15
1445,290,285,48
1444,290,285,20
1446,330,285,62
1447,50,285,29
1442,129,285,76
1443,129,285,67
1496,49,295,61
1497,209,295,12
1500,340,295,19
1499,169,295,10
1501,220,295,87
1502,260,295,25
1498,209,295,88
1503,289,296,79
1504,129,296,81
1505,409,296,47
1506,249,296,29
1507,369,296,74
1517,249,298,21
1518,409,298,3
1519,169,298,64
1520,183,298,19
1521,103,298,75
1522,303,298,18
1523,63,298,57
1509,289,297,68
1508,129,297,78
1510,329,297,64
1511,89,297,51
1512,222,297,16
1513,422,297,34
1514,222,297,89
1515,382,297,55
1516,382,297,22
1524,64,299,23
1535,169,303,46
1536,89,303,6
1537,428,303,66
1538,228,303,64
1539,348,303,69
1540,249,304,42
1542,89,304,27
1543,9,304,87
1544,369,304,31
1545,309,304,89
1546,29,304,67
1541,209,304,66
1533,307,302,54
1534,227,302,75
1532,187,302,67
1547,110,305,44
1549,30,305,41
1548,230,305,84
1552,232,307,75
1553,232,307,69
1554,272,307,3
1550,231,306,55
1551,431,306,38
1555,273,308,13
1525,409,301,58
1526,169,301,74
1527,169,301,44
1528,169,301,65
1529,49,301,3
1530,186,301,15
1531,266,301,51
1564,369,311,1
1565,169,311,52
1567,289,311,80
1566,89,311,47
1568,369,312,13
1569,249,312,61
1571,49,312,61
1570,249,312,44
1572,129,312,2
1575,317,312,29
1574,357,312,83
1576,37,312,28
1577,237,312,33
1573,237,312,69
1561,49,310,45
1562,249,310,7
1563,355,310,2
1578,409,313,23
1579,129,313,41
1580,209,313,14
1583,78,313,70
1582,198,313,88
1584,278,313,5
1581,318,313,50
1556,329,309,14
1559,354,309,89
1557,314,309,63
1560,314,309,48
1558,74,309,85
1593,289,315,70
1594,249,315,76
1595,400,315,68
1596,370,316,47
1597,371,316,31
1598,211,316,54
1599,171,316,47
1585,9,314,13
1586,409,314,44
1587,9,314,69
1588,9,314,41
1589,279,314,24
1592,119,314,58
1590,159,314,84
1591,159,314,72
1601,50,317,58
1602,250,317,45
1603,370,317,58
1605,252,317,69
1604,370,317,86
1606,52,317,80
1600,210,317,35
1607,292,317,65
1608,92,317,72
1609,332,317,23
1610,290,318,67
1611,90,318,70
1612,333,318,19
1613,213,318,5
1614,253,318,79
1615,93,318,81
1616,93,318,45
1628,370,321,75
1629,416,321,62
1631,136,321,39
1630,16,321,22
1632,330,322,54
1633,170,322,15
1634,297,322,2
1636,297,322,76
1635,177,322,78
1637,210,323,6
1638,90,323,22
1639,170,323,43
1641,138,323,86
1640,338,323,78
1619,134,319,41
1618,410,319,69
1621,14,319,65
1620,134,319,6
1622,214,319,87
1617,50,319,22
1642,50,324,83
1643,410,324,54
1644,299,324,78
1645,60,325,28
1646,60,325,64
1647,130,326,54
1648,250,326,11
1649,370,326,85
1650,181,326,4
1651,21,326,49
1652,141,326,30
1623,250,320,39
1624,175,320,16
1625,375,320,69
1626,215,320,16
1627,375,320,54
1662,65,330,6
1658,250,329,16
1659,330,329,86
1660,24,329,81
1661,424,329,43
1663,130,331,66
1664,26,331,2
1665,210,332,82
1666,410,332,5
1667,370,332,50
1668,290,332,81
1669,10,332,2
1670,130,333,45
1672,290,333,42
1673,330,333,59
1674,188,333,29
1675,428,333,27
1676,348,333,52
1677,188,333,50
1671,90,333,6
1678,348,333,76
1680,250,334,28
1681,170,334,1
1682,109,334,72
1683,349,334,82
1679,90,334,85
1685,230,335,73
1684,170,335,54
1654,302,327,29
1653,342,327,22
1655,142,327,11
1656,62,327,20
1657,210,328,54
1693,250,337,2
1694,330,337,24
1695,50,337,58
1698,232,337,75
1696,50,337,67
1699,232,337,61
1697,50,337,73
1700,50,339,41
1702,10,339,44
1701,370,339,43
1703,194,339,70
1706,90,340,31
1705,290,340,20
1707,330,340,23
1704,250,340,65
1708,90,341,5
1709,410,341,79
1710,330,342,26
1711,90,342,3
1715,317,342,7
1714,197,342,26
1712,370,342,27
1713,410,342,60
1716,238,343,26
1686,10,336,80
1689,431,336,73
1690,271,336,31
1687,170,336,27
1692,431,336,88
1691,31,336,20
1688,410,336,40
1730,171,347,52
1728,131,347,63
1731,133,347,19
1732,133,347,28
1727,291,347,63
1729,171,347,32
1717,210,344,80
1718,210,344,60
1726,292,346,77
1733,14,348,66
1734,254,348,83
1742,291,350,89
1743,131,350,84
1744,371,350,50
1745,131,350,67
1747,96,350,7
1748,96,350,25
1749,416,350,35
1746,96,350,12
1751,371,351,56
1750,331,351,85
1735,51,349,26
1739,335,349,71
1736,51,349,69
1738,131,349,52
1740,175,349,11
1741,95,349,82
1737,131,349,38
1752,51,352,88
1754,291,352,66
1753,211,352,21
1755,171,352,90
1765,381,355,61
1766,101,355,78
1767,261,355,51
1768,62,356,17
1756,59,353,89
1757,179,353,14
1758,331,354,69
1759,411,354,20
1760,411,354,15
1763,100,354,21
1761,260,354,78
1764,340,354,21
1762,380,354,14
1719,50,345,17
1721,290,345,72
1720,210,345,8
1722,290,345,18
1724,400,345,19
1723,170,345,18
1725,160,345,69
1773,411,358,77
1774,171,358,13
1775,331,358,12
1777,11,358,82
1776,251,358,29
1771,411,357,59
1772,211,357,25
1769,171,357,80
1770,291,357,1
1795,131,361,24
1796,171,361,10
1799,91,361,3
1798,51,361,89
1800,387,361,73
1801,427,361,59
1802,227,361,62
1797,91,361,42
1779,371,359,86
1780,411,359,49
1778,331,359,38
1781,51,359,44
1782,25,359,60
1783,305,359,82
1784,265,359,68
1785,185,359,8
1786,11,360,56
1789,331,360,39
1790,171,360,77
1791,226,360,88
1792,426,360,51
1793,266,360,30
1794,386,360,70
1787,171,360,23
1788,291,360,75
1803,11,362,64
1806,148,362,79
1805,91,362,50
1804,91,362,84
1809,11,364,72
1808,251,364,55
1810,11,364,8
1811,310,364,78
1813,70,364,48
1812,350,364,79
1815,232,366,33
1816,192,366,75
1817,232,366,18
1814,131,365,53
1807,69,363,72
1824,91,368,43
1823,91,368,3
1825,411,368,38
1826,211,368,52
1827,74,368,26
1819,313,367,10
1818,291,367,18
1821,353,367,21
1822,33,367,60
1820,273,367,50
1828,11,369,23
1830,211,369,44
1831,411,369,23
1832,395,369,38
1833,395,369,10
1834,395,369,27
1835,355,369,90
1829,411,369,64
1836,355,369,19
1857,51,373,27
1858,131,373,87
1859,79,373,46
1860,159,373,58
1862,239,373,31
1861,199,373,46
1863,331,374,41
1864,91,374,37
1866,160,374,77
1865,240,374,61
1868,200,374,37
1867,240,374,63
1848,251,371,30
1847,251,371,12
1850,11,371,90
1849,51,371,13
1851,291,371,43
1852,357,371,12
1871,213,375,63
1869,372,375,74
1870,333,375,9
1872,12,376,71
1873,174,376,42
1838,331,370,40
1839,251,370,18
1841,291,370,28
1840,411,370,79
1842,116,370,35
1843,236,370,2
1837,171,370,61
1846,276,370,79
1844,276,370,74
1845,156,370,24
1855,198,372,40
1853,411,372,1
1856,118,372,58
1854,318,372,62
1875,255,377,19
1874,295,377,78
1876,52,378,85
1877,136,378,86
1878,296,378,89
1880,96,378,38
1879,376,378,66
1881,57,379,2
1882,377,379,24
1883,177,379,27
1884,217,379,62
1886,252,380,77
1887,52,380,24
1885,332,380,66
1888,52,380,70
1889,292,381,88
1890,292,381,13
1891,372,381,62
1906,52,384,22
1907,212,384,80
1908,212,384,18
1910,92,384,61
1912,342,384,8
1909,92,384,42
1913,382,384,52
1911,382,384,55
1898,332,383,49
1899,412,383,79
1900,92,383,62
1901,292,383,81
1903,181,383,89
1905,341,383,49
1904,261,383,49
1902,221,383,82
1914,132,385,53
1915,12,385,85
1916,412,385,38
1917,303,385,44
1920,183,385,63
1919,143,385,53
1921,183,385,58
1918,223,385,3
1892,132,382,53
1893,412,382,57
1897,260,382,21
1896,220,382,18
1894,132,382,14
1895,252,382,54
1925,92,387,62
1924,52,387,28
1929,145,387,60
1927,105,387,76
1928,225,387,77
1926,345,387,71
1923,264,386,51
1922,64,386,16
1930,292,388,87
1936,212,390,9
1937,92,390,44
1938,292,390,71
1939,108,390,76
1931,332,389,44
1932,172,389,41
1933,307,389,30
1934,107,389,48
1935,347,389,13
1949,252,393,24
1950,111,393,13
1951,71,393,87
1952,31,393,20
1953,191,393,33
1945,190,392,29
1946,190,392,75
1947,30,392,4
1948,110,392,52
1964,172,396,34
1966,234,396,84
1965,92,396,34
1967,34,396,37
1968,274,396,55
1969,74,396,6
1970,154,396,83
1954,132,394,5
1955,352,394,10
1957,112,394,10
1956,32,394,49
1940,132,391,83
1941,412,391,30
1944,29,391,27
1943,229,391,18
1942,29,391,33
1971,332,397,77
1975,52,397,50
1976,355,397,86
1974,92,397,67
1973,372,397,4
1972,172,397,77
1959,52,395,77
1960,153,395,13
1961,193,395,18
1963,33,395,85
1962,233,395,67
1958,132,395,52
1978,396,398,27
1977,52,398,33
2000,92,402,32
2001,172,402,60
2003,200,402,57
2002,252,402,17
2005,54,403,28
2006,374,403,18
2007,94,403,37
2008,14,403,12
2004,253,403,10
2009,253,404,59
2010,413,404,67
1987,412,400,79
1988,52,400,61
1986,172,400,33
1989,278,400,77
1990,318,400,89
1991,158,400,60
2011,413,405,60
1980,172,399,87
1981,172,399,36
1982,412,399,66
1983,52,399,46
1984,37,399,2
1979,252,399,4
1985,77,399,48
2013,53,406,65
2014,213,406,3
2012,293,406,51
1992,172,401,46
1995,372,401,20
1994,12,401,45
1997,199,401,56
1993,132,401,50
1999,319,401,43
1996,359,401,54
1998,119,401,17
2015,173,407,31
2016,93,407,51
2017,53,407,12
2018,253,407,89
2019,133,407,27
2020,338,407,83
2021,178,407,36
2022,298,407,75
2023,138,407,32
2024,173,408,36
2025,99,408,15
2027,379,408,22
2026,59,408,61
2028,259,408,12
2029,253,409,23
2030,133,409,71
2031,420,409,42
2032,380,409,18
2033,300,409,39
2036,341,410,81
2037,61,410,16
2038,141,410,13
2034,181,410,50
2035,421,410,73
2039,373,411,78
2040,253,411,85
2041,293,411,46
2042,53,411,68
2043,22,411,15
2044,342,411,3
2045,22,411,43
2060,53,414,32
2061,213,414,51
2063,413,414,38
2064,265,414,32
2062,253,414,89
2066,145,414,54
2065,345,414,90
2067,425,414,69
2068,293,415,68
2069,293,415,71
2070,93,415,87
2071,426,415,69
2072,266,415,52
2073,386,415,63
2052,333,413,49
2053,213,413,16
2054,53,413,65
2055,213,413,77
2059,24,413,74
2058,344,413,7
2056,13,413,77
2057,224,413,58
2079,373,417,30
2080,253,417,81
2082,428,417,58
2083,268,417,11
2081,188,417,48
2075,413,416,5
2074,213,416,59
2076,413,416,8
2077,333,416,19
2078,347,416,2
2048,183,412,8
2050,423,412,8
2047,423,412,76
2051,63,412,46
2049,423,412,23
2046,333,412,68
2084,333,418,41
2085,93,418,9
2086,413,418,16
2087,133,418,65
2088,213,418,9
2089,389,418,45
2090,349,418,61
2100,133,422,72
2096,432,421,1
2098,192,421,15
2097,272,421,21
2099,312,421,47
2101,74,423,86
2102,74,423,57
2103,354,423,16
2104,314,423,27
2105,194,423,13
2091,373,419,78
2092,213,419,56
2093,430,419,49
2108,315,424,39
2106,155,424,57
2109,275,424,86
2110,155,424,85
2107,275,424,56
2111,13,425,74
2112,133,425,86
2113,253,425,45
2114,196,425,39
2115,236,425,71
2116,93,427,36
2117,278,427,65
2125,213,429,87
2126,53,429,15
2127,253,429,59
2128,213,429,40
2129,53,429,81
2131,320,429,37
2130,40,429,69
2133,414,430,26
2134,214,430,49
2135,375,430,86
2136,15,430,68
2137,55,430,29
2138,255,430,17
2132,134,430,22
2118,213,428,63
2119,173,428,46
2120,213,428,37
2121,93,428,73
2122,333,428,84
2123,239,428,38
2124,199,428,4
2140,376,431,16
2141,96,431,79
2142,16,431,4
2143,16,431,63
2144,136,431,13
2139,14,431,58
2094,413,420,16
2095,311,420,25
2145,254,432,89
2146,174,432,63
2147,97,432,70
2148,97,432,84
2149,414,433,40
2151,94,433,3
2150,14,433,40
2152,58,433,39
2153,298,433,89
2154,174,434,60
2155,334,434,51
2159,299,434,39
2158,419,434,56
2160,259,434,76
2161,19,434,65
2156,14,434,38
2157,259,434,4
2175,342,437,63
2176,422,437,76
2177,382,437,23
2174,342,437,27
2178,214,438,44
2179,94,438,69
2180,103,438,4
2182,223,438,80
2183,23,438,58
2181,263,438,43
2184,94,439,60
2185,24,439,73
2186,304,439,28
2187,414,440,26
2190,145,440,58
2189,334,440,63
2191,265,440,42
2192,185,440,84
2193,105,440,54
2194,345,440,41
2188,254,440,31
2201,54,442,71
2202,134,442,18
2203,214,442,5
2204,174,442,20
2205,134,442,62
2207,227,442,65
2208,67,442,18
2209,427,442,57
2210,307,442,70
2206,307,442,43
2195,254,441,4
2199,266,441,19
2200,66,441,61
2198,266,441,46
2196,414,441,64
2197,414,441,44
2162,334,435,53
2163,334,435,21
2166,220,435,58
2167,220,435,46
2164,374,435,89
2168,140,435,64
2165,300,435,50
2215,54,444,6
2216,334,444,21
2214,414,444,3
2217,294,444,37
2218,349,444,2
2219,429,444,42
2213,374,444,48
2222,149,444,80
2220,309,444,90
2221,189,444,52
2211,108,443,78
2212,28,443,69
2223,54,445,12
2224,134,445,77
2225,294,446,37
2226,294,446,49
2169,94,436,89
2171,141,436,73
2170,294,436,65
2172,301,436,47
2173,261,436,83
2227,214,448,62
2228,153,448,6
2229,193,448,17
2230,433,448,38
2242,414,453,9
2243,78,453,77
2231,334,450,65
2232,14,450,43
2233,254,450,8
2234,94,450,60
2235,334,450,51
2236,374,451,54
2239,374,451,44
2237,134,451,81
2238,54,451,79
2249,174,455,63
2248,334,455,34
2250,334,455,16
2251,214,455,11
2252,240,455,64
2253,240,455,63
2254,120,455,89
2247,134,455,47
2244,214,454,31
2245,254,454,10
2246,214,454,9
2261,55,457,74
2262,415,457,19
2264,97,457,51
2263,215,457,31
2265,17,457,81
2266,57,457,85
2267,415,458,39
2268,15,458,53
2270,378,458,70
2269,415,458,77
2271,98,458,22
2257,376,456,44
2255,255,456,77
2259,136,456,24
2260,16,456,14
2258,376,456,69
2256,416,456,64
2240,294,452,60
2241,414,452,88
2282,222,462,48
2281,342,462,66
2283,142,462,66
2274,415,459,88
2273,255,459,6
2275,139,459,3
2272,415,459,8
2289,375,464,29
2290,415,464,85
2291,144,464,72
2292,264,464,39
2293,15,465,28
2294,135,465,59
2295,295,465,25
2296,335,465,72
2297,265,465,21
2298,305,465,5
2300,25,465,50
2299,425,465,30
2301,335,466,18
2302,215,466,1
2303,15,466,27
2304,375,466,7
2305,95,466,40
2306,426,466,81
2307,106,466,75
2284,295,463,40
2285,55,463,85
2286,335,463,40
2287,55,463,77
2288,263,463,23
2309,307,467,21
2310,347,467,6
2308,135,467,30
2276,180,460,67
2277,100,460,7
2278,380,460,40
2279,60,460,83
2280,180,460,14
2311,108,468,48
2312,308,468,71
2313,228,468,64
2324,311,471,86
2325,271,471,41
2326,151,471,58
2327,271,471,4
2319,55,470,86
2320,230,470,85
2321,270,470,82
2322,110,470,3
2323,70,470,5
2332,295,473,86
2333,295,473,66
2334,335,473,9
2335,335,473,20
2336,255,473,82
2338,353,473,88
2337,113,473,15
2339,55,474,66
2340,295,474,10
2341,175,474,17
2342,415,474,63
2343,335,474,53
2344,354,474,4
2314,95,469,57
2318,189,469,9
2317,429,469,31
2315,69,469,2
2316,29,469,61
2328,375,472,61
2329,375,472,18
2331,295,472,24
2330,215,472,78
2348,215,476,40
2349,375,476,26
2347,175,475,37
2346,335,475,58
2345,335,475,86
2350,135,477,54
2351,295,477,18
2352,295,477,28
2355,117,477,83
2356,397,477,90
2357,37,477,6
2354,357,477,42
2353,317,477,2
2369,295,480,10
2370,255,480,54
2375,338,482,15
2376,378,482,8
2377,178,482,67
2378,18,482,60
2379,99,483,44
2371,17,481,76
2372,377,481,57
2373,177,481,27
2374,297,481,12
2358,415,478,32
2359,55,478,63
2360,95,478,70
2363,398,478,68
2364,198,478,43
2365,78,478,48
2366,238,478,64
2361,15,478,37
2362,78,478,86
2380,336,484,81
2382,180,484,30
2383,140,484,60
2381,60,484,25
2367,399,479,19
2368,319,479,69
2384,416,485,30
2385,16,485,81
2386,416,485,26
2387,216,485,12
2395,216,489,25
2396,416,489,72
2397,376,489,87
2398,416,489,43
2399,105,489,42
2400,16,490,1
2401,296,490,72
2402,96,490,26
2404,176,490,27
2403,56,490,67
2392,416,487,48
2406,107,491,43
2405,27,491,50
2407,176,492,82
2408,136,492,49
2409,428,492,57
2411,188,492,42
2410,108,492,25
2412,388,492,69
2413,348,492,31
2393,96,488,78
2394,296,488,48
2414,216,494,70
2415,96,494,69
2416,376,494,73
2417,16,494,76
2418,216,494,3
2419,70,494,66
2420,70,494,76
2421,190,494,54
2422,136,495,58
2423,56,495,75
2424,231,495,53
2426,71,495,70
2427,191,495,32
2428,311,495,15
2425,151,495,57
2437,113,497,75
2436,416,497,79
2439,33,497,9
2438,393,497,63
2440,433,497,34
2388,136,486,28
2389,22,486,89
2390,342,486,82
2391,22,486,46
2429,256,496,87
2430,256,496,75
2431,336,496,11
2432,296,496,54
2434,232,496,68
2433,432,496,84
2435,192,496,42
2452,176,501,29
2454,256,501,7
2453,96,501,88
2455,158,502,80
2456,318,502,7
2457,78,502,28
2446,96,499,61
2447,195,499,31
2441,114,498,44
2442,74,498,49
2443,354,498,86
2444,394,498,65
2445,114,498,72
2465,136,504,60
2466,256,504,26
2467,376,504,40
2468,320,504,90
2469,200,504,86
2470,120,504,70
2458,56,503,8
2459,376,503,8
2460,319,503,4
2461,119,503,1
2463,239,503,41
2464,239,503,31
2462,319,503,76
2482,257,507,63
2483,337,507,22
2484,17,507,56
2485,337,507,44
2486,377,507,31
2487,340,507,70
2488,17,508,83
2489,141,508,10
2490,421,508,12
2492,181,508,27
2491,21,508,69
2493,221,508,30
2495,137,509,67
2494,17,509,77
2496,262,509,20
2497,382,509,30
2498,177,510,53
2499,217,510,39
2500,223,510,15
2501,303,510,8
2502,383,510,82
2504,303,510,4
2503,343,510,4
2505,137,511,21
2506,177,511,15
2507,297,512,75
2508,17,512,18
2509,337,512,46
2511,97,512,47
2512,265,512,76
2510,217,512,41
2513,385,512,25
2514,385,512,43
2515,297,513,70
2516,57,513,85
2517,417,513,58
2519,266,513,20
2518,297,513,83
2520,186,513,61
2521,346,513,79
2522,306,513,41
2524,17,514,30
2523,57,514,63
2525,257,514,16
2526,257,514,79
2528,307,514,81
2527,147,514,31
2529,17,515,18
2530,97,515,37
2531,377,515,50
2532,17,515,67
2471,97,505,44
2472,417,505,75
2474,297,505,17
2473,257,505,31
2540,137,517,37
2541,297,517,68
2542,217,517,20
2543,217,518,85
2544,417,518,90
2545,297,518,77
2546,391,518,20
2547,71,518,64
2548,151,518,49
2549,111,518,6
2550,191,518,31
2475,337,506,43
2477,417,506,80
2476,257,506,75
2478,97,506,31
2479,179,506,55
2481,59,506,70
2480,339,506,67
2448,296,500,73
2450,296,500,60
2449,416,500,63
2451,336,500,90
2533,177,516,6
2534,297,516,16
2535,69,516,40
2536,269,516,42
2537,429,516,46
2539,149,516,2
2538,149,516,83
2552,57,519,81
2553,337,519,81
2551,97,519,55
2555,72,519,86
2554,297,519,54
2557,17,520,8
2558,193,520,70
2556,417,520,84
2559,337,521,64
2561,394,521,41
2560,257,521,46
2563,274,521,77
2562,154,521,69
2570,377,523,57
2571,257,523,25
2572,36,523,55
2574,156,523,60
2573,316,523,64
2564,177,522,66
2565,57,522,53
2566,155,522,59
2567,155,522,56
2568,195,522,31
2569,115,522,67
2576,317,524,89
2575,137,524,55
2577,197,524,56
2578,117,524,56
2579,277,524,5
2580,97,525,75
2581,177,525,78
2582,97,525,34
2583,17,525,41
2584,118,525,54
2589,257,527,70
2590,177,527,28
2591,337,527,62
2592,418,528,21
2593,378,528,20
2594,178,529,84
2595,338,529,34
2596,178,529,10
2597,300,529,68
2598,221,530,47
2599,221,530,78
2600,301,530,62
2601,341,530,17
2602,18,531,53
2603,342,531,81
2604,338,532,17
2605,98,532,49
2607,98,532,14
2606,218,532,83
2609,423,532,5
2608,303,532,46
2610,223,532,28
2611,423,532,41
2612,103,532,61
2585,97,526,22
2586,17,526,54
2587,137,526,72
2588,239,526,4
2614,184,533,78
2613,418,533,39
2626,258,536,13
2627,218,536,39
2629,227,536,39
2628,418,536,35
2630,27,536,89
2631,147,536,79
2633,338,537,90
2632,258,537,42
2634,338,537,75
2635,188,537,46
2636,28,537,4
2637,148,537,31
2638,98,538,10
2640,138,538,2
2641,378,538,6
2642,98,538,65
2639,58,538,3
2644,109,538,28
2643,429,538,52
2645,69,538,4
2616,265,534,12
2615,385,534,62
2618,105,534,2
2617,145,534,45
2619,305,534,33
2646,138,539,78
2647,258,539,55
2648,338,539,77
2649,430,539,90
2650,310,539,74
2651,110,539,26
2652,350,539,77
2653,298,540,73
2654,98,540,2
2656,58,540,77
2655,138,540,19
2657,71,540,64
2658,31,540,62
2660,58,541,52
2659,218,541,14
2662,232,541,64
2663,32,541,42
2661,418,541,18
2621,418,535,67
2622,338,535,69
2620,178,535,87
2623,58,535,34
2625,146,535,58
2624,418,535,83
2664,298,542,20
2665,98,542,42
2667,378,542,17
2666,218,542,45
2668,218,542,74
2669,433,542,31
2670,313,542,2
2677,218,544,81
2676,418,544,14
2678,275,544,7
2680,218,545,89
2681,378,545,76
2682,298,545,61
2683,138,545,87
2679,98,545,57
2684,277,546,81
2692,218,549,45
2693,258,549,23
2694,178,549,19
2695,178,549,86
2696,280,549,79
2685,78,547,35
2686,158,547,75
2688,239,548,60
2690,79,548,21
2689,359,548,67
2691,239,548,66
2687,359,548,33
2697,219,550,37
2698,20,550,58
2699,340,550,17
2700,60,550,27
2671,258,543,21
2672,234,543,83
2674,194,543,74
2675,194,543,23
2673,234,543,62
2716,139,554,52
2719,424,554,12
2717,219,554,21
2718,139,554,20
2713,419,553,90
2714,259,553,20
2715,339,553,45
2720,299,555,55
2721,19,555,72
2722,339,555,17
2723,19,555,44
2724,59,555,89
2725,345,555,62
2701,59,551,16
2702,19,551,85
2703,259,551,36
2704,139,551,17
2705,139,551,32
2706,341,551,62
2707,261,551,39
2729,186,556,52
2728,379,556,13
2726,419,556,26
2730,426,556,72
2727,59,556,12
2731,306,556,67
2732,386,556,62
2708,419,552,32
2711,422,552,17
2712,422,552,2
2709,59,552,84
2710,102,552,4
2738,419,558,87
2739,299,558,36
2740,339,558,77
2741,348,558,22
2742,228,558,81
2743,68,558,77
2744,228,558,46
2745,68,558,77
2733,59,557,55
2734,339,557,66
2735,259,557,19
2736,19,557,12
2737,107,557,71
2766,299,563,4
2767,219,563,46
2768,379,563,76
2769,219,563,46
2770,379,563,53
2771,353,563,4
2772,233,563,89
2773,273,563,33
2774,193,563,62
2760,99,562,18
2761,139,562,60
2762,312,562,68
2763,32,562,52
2764,112,562,66
2765,392,562,33
2748,190,560,88
2747,299,560,5
2749,110,560,21
2746,419,560,16
2775,139,564,13
2776,139,564,29
2777,299,564,47
2779,354,564,1
2780,154,564,78
2778,74,564,19
2789,379,566,86
2788,219,566,10
2790,99,566,49
2791,299,566,50
2792,259,566,62
2793,396,566,69
2794,236,566,3
2795,276,566,36
2781,139,565,59
2782,339,565,67
2783,419,565,11
2784,419,565,27
2785,179,565,8
2786,155,565,28
2787,115,565,4
2798,59,567,53
2799,299,567,79
2800,419,567,45
2801,37,567,21
2802,237,567,51
2803,357,567,70
2796,299,567,66
2797,259,567,66
2804,277,567,29
2805,179,568,85
2807,419,568,4
2806,419,568,32
2808,379,568,85
2809,238,568,26
2810,118,568,47
2811,278,568,86
2750,139,561,56
2751,59,561,65
2752,59,561,1
2755,31,561,26
2756,391,561,18
2754,299,561,20
2757,311,561,25
2758,391,561,86
2759,351,561,39
2753,19,561,6
2813,159,569,6
2812,319,569,58
2814,79,569,82
2815,99,570,72
2816,419,570,89
2817,179,570,25
2818,419,570,88
2819,360,570,7
2820,80,570,86
2821,160,570,64
2831,420,572,37
2832,300,572,90
2833,222,572,3
2834,222,572,36
2837,62,572,45
2836,142,572,37
2835,422,572,23
2838,420,573,56
2840,23,573,68
2839,20,573,25
2841,23,573,1
2844,24,574,77
2843,224,574,33
2842,420,574,58
2845,100,575,72
2846,380,575,70
2847,20,576,7
2848,60,576,21
2849,300,576,56
2850,260,576,41
2853,66,576,77
2851,26,576,79
2852,346,576,89
2854,420,577,73
2855,227,577,18
2822,300,571,83
2823,220,571,30
2824,340,571,24
2825,380,571,60
2829,181,571,38
2828,301,571,6
2830,261,571,90
2826,101,571,6
2827,181,571,36
2863,100,580,8
2864,20,580,27
2865,60,580,71
2867,420,580,54
2866,220,580,64
2868,70,580,24
2862,429,579,89
2861,260,579,13
2869,100,581,49
2870,260,581,84
2871,60,581,87
2872,180,581,64
2873,340,581,8
2874,31,581,14
2875,271,581,28
2878,191,581,82
2877,231,581,75
2876,271,581,33
2856,100,578,26
2857,20,578,85
2858,220,578,14
2860,308,578,56
2859,388,578,90
2879,153,583,19
2880,393,583,58
2881,433,583,50
2891,300,585,71
2892,180,585,71
2894,140,585,90
2896,355,585,88
2895,180,585,90
2893,340,585,7
2882,60,584,2
2883,60,584,30
2885,420,584,48
2884,20,584,46
2887,74,584,85
2889,234,584,11
2888,194,584,79
2890,274,584,74
2886,60,584,43
2897,20,586,46
2898,380,586,55
2899,340,586,55
2900,236,586,83
2901,36,586,58
2916,360,590,69
2917,200,590,73
2918,200,590,75
2919,360,590,86
2923,421,591,22
2922,341,591,67
2924,381,591,69
2925,102,591,51
2926,102,591,20
2920,341,591,37
2927,222,591,14
2928,302,591,23
2929,422,591,59
2921,221,591,50
2913,300,588,37
2914,318,588,77
2912,260,588,48
2931,103,592,57
2933,383,592,25
2932,143,592,54
2934,183,592,58
2930,263,592,41
2935,301,593,72
2936,341,593,14
2938,181,593,62
2940,304,593,22
2941,304,593,44
2942,264,593,32
2943,264,593,57
2944,264,593,5
2939,221,593,66
2937,101,593,88
2945,101,594,11
2947,65,594,69
2946,301,594,27
2948,421,595,39
2949,181,595,10
2950,266,595,6
2951,26,595,71
2952,66,595,41
2915,220,589,38
2962,181,597,28
2963,341,597,73
2960,301,597,83
2965,188,597,39
2964,228,597,6
2966,28,597,45
2967,428,597,59
2961,141,597,23
2968,268,597,76
2954,381,596,41
2955,187,596,78
2957,387,596,51
2956,67,596,27
2958,427,596,74
2959,347,596,24
2953,101,596,56
2971,309,598,51
2969,341,598,56
2970,381,598,67
2905,380,587,62
2902,140,587,68
2906,340,587,51
2907,237,587,21
2908,357,587,57
2909,397,587,38
2904,340,587,8
2910,197,587,46
2903,220,587,69
2911,197,587,2
2976,101,600,29
2979,381,600,54
2980,421,600,9
2977,61,600,67
2982,351,600,80
2981,391,600,37
2983,351,600,89
2984,71,600,75
2978,221,600,49
2985,191,600,41
2988,21,601,54
2987,101,601,79
2989,21,601,23
2990,101,601,24
2991,112,601,45
2992,232,601,15
2993,72,601,66
2986,261,601,39
2994,432,601,62
2995,392,601,11
2998,341,602,51
2997,381,602,84
2999,33,602,69
2996,301,602,33
2972,341,599,34
2973,221,599,48
2974,181,599,89
2975,270,599,25
3011,261,606,27
3013,237,606,29
3014,77,606,70
3012,301,606,85
3010,156,605,78
3015,301,607,84
3016,61,607,21
3017,181,607,75
3018,341,607,70
3020,158,607,58
3019,398,607,15
3021,358,607,46
3023,38,607,85
3022,238,607,26
3024,381,608,5
3025,279,608,23
3026,61,609,66
3028,240,609,53
3029,320,609,44
3030,40,609,34
3027,381,609,83
3031,160,609,5
3000,221,603,49
3001,421,603,57
3002,21,603,32
3004,274,603,33
3003,61,603,19
3035,302,610,42
3034,142,610,86
3032,342,610,30
3036,262,610,8
3037,263,610,26
3038,103,610,6
3039,383,610,16
3033,302,610,32
3040,223,610,67
3041,302,611,72
3044,304,611,20
3043,64,611,40
3042,382,611,51
3006,35,604,61
3007,275,604,62
3008,275,604,44
3009,235,604,24
3005,195,604,12
3047,426,613,47
3057,302,615,68
3058,302,615,7
3059,422,615,16
3060,222,616,51
3061,342,616,46
3062,182,616,5
3063,342,616,42
3048,382,614,14
3049,382,614,21
3051,102,614,58
3053,227,614,24
3054,267,614,27
3056,67,614,89
3055,187,614,72
3050,182,614,16
3052,22,614,49
3064,222,617,52
3065,182,617,23
3066,230,617,13
3067,190,617,42
3068,70,617,16
3070,182,619,21
3071,182,619,29
3069,142,619,24
3073,392,619,46
3074,352,619,55
3075,392,619,62
3076,32,619,87
3072,142,619,53
3077,352,619,30
3045,222,612,66
3046,302,612,12
3087,62,622,21
3088,342,622,36
3089,342,622,65
3090,355,622,39
3091,382,623,33
3092,316,623,59
3093,156,623,32
3094,196,623,48
3105,302,625,60
3107,262,625,3
3108,182,625,5
3106,222,625,26
3109,102,625,31
3080,102,621,42
3081,382,621,84
3082,394,621,6
3083,34,621,58
3084,114,621,28
3085,34,621,40
3086,74,621,45
3112,422,626,81
3111,302,626,67
3110,262,626,77
3114,119,626,11
3113,279,626,30
3115,199,626,38
3117,79,626,17
3116,159,626,10
3097,222,624,45
3096,382,624,85
3098,422,624,29
3100,37,624,45
3099,262,624,68
3101,77,624,54
3102,317,624,7
3103,37,624,66
3104,77,624,6
3095,382,624,3
3118,182,627,47
3119,200,627,13
3121,200,627,55
3120,360,627,33
3122,23,628,24
3123,63,628,19
3124,343,628,67
3125,343,628,16
3127,104,628,80
3126,63,628,47
3129,64,628,6
3128,424,628,60
3139,26,630,52
3140,346,630,34
3141,346,630,55
3142,106,630,12
3143,26,630,34
3144,263,631,26
3145,387,631,20
3131,223,629,85
3132,383,629,79
3133,423,629,7
3134,105,629,24
3135,225,629,25
3136,385,629,17
3138,225,629,4
3137,265,629,86
3130,103,629,35
3156,263,634,6
3155,143,634,87
3157,223,634,58
3158,343,634,64
3159,383,634,49
3160,430,634,4
3161,30,634,16
3162,390,634,27
3163,70,634,56
3165,143,635,12
3164,343,635,89
3166,151,635,6
3167,271,635,9
3147,223,633,36
3148,423,633,80
3149,223,633,77
3150,423,633,76
3151,429,633,41
3152,229,633,22
3154,309,633,39
3146,343,633,41
3153,149,633,48
3168,143,636,5
3169,143,636,86
3173,32,636,10
3172,263,636,25
3174,192,636,19
3170,423,636,27
3171,183,636,49
3175,353,637,88
3176,193,637,31
3177,273,637,22
3180,63,639,47
3179,343,639,39
3181,155,639,81
3183,75,639,52
3182,395,639,63
3184,423,640,72
3185,303,640,50
3186,23,640,59
3188,303,640,26
3187,183,640,25
3078,422,620,88
3079,302,620,10
3189,423,641,75
3190,23,641,49
3191,423,641,35
3192,303,641,49
3193,157,641,4
3194,237,641,32
3204,143,643,45
3205,79,643,26
3206,39,643,22
3178,74,638,65
3208,184,645,38
3207,304,645,24
3210,64,645,76
3211,65,645,21
3212,225,645,89
3209,64,645,85
3214,24,646,11
3213,224,646,34
3215,424,646,58
3219,386,646,28
3220,106,646,23
3217,346,646,23
3216,264,646,55
3218,106,646,52
3196,143,642,61
3195,383,642,87
3197,303,642,85
3198,303,642,21
3199,183,642,53
3202,318,642,8
3201,78,642,70
3203,38,642,10
3200,278,642,40
3221,347,647,39
3222,27,647,51
3223,387,647,65
3224,347,647,81
3225,387,647,53
3228,348,648,50
3227,228,648,77
3229,188,648,8
3230,28,648,53
3226,188,648,46
3231,24,649,58
3232,64,649,11
3233,424,649,27
3234,69,649,10
3235,269,649,59
3253,73,653,47
3250,392,652,43
3251,392,652,29
3252,192,652,71
3257,424,655,3
3256,224,655,29
3258,75,655,20
3259,35,655,28
3254,64,654,13
3255,304,654,63
3237,24,650,46
3236,64,650,51
3238,344,650,4
3239,150,650,43
3240,430,650,38
3267,264,657,7
3268,24,657,5
3269,397,657,76
3271,317,657,61
3272,117,657,85
3273,397,657,51
3270,317,657,77
3261,104,656,62
3260,424,656,6
3264,76,656,36
3265,316,656,5
3266,36,656,81
3262,384,656,85
3263,396,656,85
3241,424,651,53
3243,304,651,8
3242,104,651,50
3244,144,651,42
3245,111,651,59
3246,271,651,21
3249,191,651,34
3248,111,651,54
3247,311,651,36
3274,144,658,50
3275,144,658,31
3276,158,658,56
3277,158,658,4
3280,398,658,68
3279,398,658,32
3278,278,658,83
3289,104,660,63
3288,264,660,51
3290,160,660,70
3291,120,660,57
3293,80,660,34
3292,80,660,68
3281,144,659,58
3282,64,659,1
3284,184,659,49
3283,344,659,76
3285,344,659,66
3286,79,659,77
3287,319,659,39
3297,225,662,74
3298,67,662,31
3295,65,662,90
3296,305,662,48
3299,188,663,58
3300,28,663,60
3301,188,663,41
3294,105,661,78
3302,25,664,79
3305,385,664,51
3304,225,664,33
3303,265,664,36
3306,305,664,7
3307,309,664,21
3308,345,665,58
3309,185,665,16
3310,145,665,84
3313,230,665,73
3314,350,665,18
3315,150,665,8
3311,25,665,31
3312,190,665,68
3329,185,669,9
3330,385,669,34
3331,305,669,24
3332,34,669,25
3333,394,669,39
3334,74,669,88
3338,315,670,41
3336,235,670,85
3337,315,670,33
3335,65,670,10
3339,345,671,24
3340,65,671,71
3341,25,671,64
3342,65,671,33
3343,225,671,35
3344,196,671,37
3346,116,671,80
3345,76,671,79
3347,396,671,3
3348,396,671,20
3321,25,667,46
3322,185,668,90
3323,385,668,88
3324,185,668,33
3325,353,668,31
3328,153,668,51
3327,393,668,2
3326,33,668,31
3349,145,673,31
3350,38,673,44
3354,305,674,58
3355,185,674,40
3352,225,674,9
3356,159,674,52
3353,185,674,37
3357,199,674,32
3351,185,674,26
3316,145,666,75
3317,185,666,1
3318,105,666,9
3320,271,666,54
3319,425,666,38
3358,65,675,19
3359,345,675,23
3360,145,675,88
3361,185,675,35
3363,360,675,7
3364,240,675,76
3362,40,675,57
3365,306,676,44
3366,66,676,16
3367,426,676,35
3368,187,676,18
3370,147,676,44
3369,107,676,16
3381,390,679,27
3382,30,679,69
3383,190,679,84
3385,310,679,41
3384,150,679,38
3386,186,680,30
3389,66,680,42
3390,66,680,14
3388,306,680,87
3387,426,680,43
3374,426,678,12
3375,346,678,90
3376,386,678,55
3377,349,678,30
3380,309,678,85
3378,189,678,34
3379,229,678,39
3391,432,681,82
3392,433,682,73
3393,113,682,56
3394,233,682,74
3395,433,682,90
3396,313,682,1
3399,26,683,55
3397,226,683,36
3401,234,683,2
3402,394,683,35
3400,266,683,27
3403,74,683,48
3398,146,683,89
3409,146,685,65
3410,66,685,9
3411,266,685,23
3412,386,685,89
3413,346,685,29
3414,156,685,64
3404,266,684,77
3408,155,684,70
3407,235,684,2
3405,66,684,90
3406,155,684,51
3372,146,677,59
3373,26,677,40
3371,146,677,67
3417,306,686,65
3418,106,686,31
3415,306,686,58
3419,106,686,70
3420,237,686,8
3421,37,686,90
3422,157,686,37
3416,306,686,36
3423,186,687,1
3424,106,687,33
3425,278,687,9
3427,278,687,40
3426,238,687,75
3428,118,687,38
3444,147,690,84
3445,67,690,9
3446,67,690,73
3447,307,690,25
3451,68,690,7
3450,68,690,24
3448,68,690,87
3449,188,690,36
3452,307,691,30
3453,347,691,48
3454,387,691,54
3456,187,691,16
3457,429,691,78
3458,69,691,62
3459,389,691,66
3455,347,691,46
3435,146,689,25
3436,26,689,18
3437,266,689,38
3441,240,689,76
3440,240,689,43
3442,400,689,12
3443,160,689,77
3438,426,689,87
3439,186,689,56
3460,147,692,67
3461,267,692,77
3462,227,692,82
3463,350,692,69
3430,306,688,3
3432,386,688,24
3429,266,688,9
3433,386,688,26
3434,399,688,46
3431,266,688,75
3465,27,693,38
3466,267,693,45
3467,67,693,3
3468,347,693,56
3470,191,693,45
3469,351,693,5
3464,67,693,35
3471,147,694,20
3473,432,694,5
3472,352,694,56
3491,395,697,24
3492,115,697,50
3489,235,697,43
3490,195,697,51
3493,195,697,67
3480,427,696,53
3481,67,696,30
3485,354,696,74
3483,107,696,4
3486,114,696,80
3487,394,696,62
3482,347,696,86
3488,74,696,50
3484,147,696,65
3495,387,698,53
3494,147,698,19
3496,76,698,79
3474,147,695,89
3477,67,695,43
3478,153,695,14
3476,307,695,63
3479,273,695,81
3475,67,695,33
3497,267,699,53
3500,397,699,2
3501,357,699,86
3502,77,699,31
3503,77,699,68
3504,277,699,36
3498,347,699,45
3499,147,699,34
3505,27,700,29
3508,198,700,53
3507,27,700,47
3506,27,700,13
3516,307,702,68
3518,80,702,47
3517,280,702,70
3515,67,702,28
3519,228,703,61
3521,228,703,55
3520,228,703,88
3522,108,703,2
3525,389,703,23
3524,29,703,9
3527,349,703,21
3526,189,703,60
3523,69,703,43
3509,347,701,73
3510,267,701,57
3512,199,701,88
3511,239,701,13
3513,359,701,18
3514,279,701,39
3544,388,707,69
3546,68,707,38
3545,388,707,11
3547,108,707,40
3550,73,707,8
3548,228,707,8
3549,433,707,85
3551,428,708,81
3552,388,708,41
3553,74,708,81
3554,354,708,77
3555,354,708,50
3556,34,708,27
3557,114,708,54
3534,228,706,4
3535,308,706,77
3536,108,706,63
3537,268,706,7
3538,268,706,12
3539,392,706,58
3541,272,706,90
3543,432,706,64
3542,272,706,33
3540,392,706,11
3559,148,709,16
3560,195,709,23
3561,235,709,74
3558,28,709,65
3562,35,709,6
3563,156,710,5
3564,316,710,51
3565,308,711,82
3566,268,711,60
3567,188,712,40
3570,358,712,58
3571,78,712,40
3569,318,712,6
3572,398,712,65
3568,398,712,18
3528,348,704,71
3529,30,704,89
3530,270,704,8
3531,310,704,69
3533,388,705,36
3532,68,705,4
3573,39,713,19
3574,399,713,69
3575,239,713,90
3581,229,715,50
3582,389,715,30
3583,309,715,52
3578,148,714,56
3577,268,714,89
3579,188,714,58
3580,348,714,35
3576,68,714,24
3586,151,716,35
3587,71,716,41
3584,191,716,3
3588,111,716,30
3585,31,716,27
3589,309,718,77
3591,429,718,24
3592,349,718,1
3593,269,718,51
3590,189,718,63
3594,393,718,59
3595,73,718,89
3596,273,718,35
3597,33,718,52
3598,353,718,10
3600,149,719,57
3599,389,719,45
3601,109,719,68
3602,149,720,19
3603,109,720,8
3604,29,720,70
3605,69,720,45
3606,69,720,53
3609,275,720,15
3611,355,720,79
3607,115,720,78
3610,275,720,22
3608,195,720,46
3615,229,722,46
3618,69,723,82
3619,389,723,35
3616,109,723,11
3620,349,723,49
3621,238,723,59
3622,158,723,73
3623,358,723,34
3617,29,723,86
3625,38,723,31
3624,358,723,42
3626,149,724,2
3627,389,724,17
3629,239,724,37
3630,359,724,83
3631,239,724,39
3628,239,724,30
3632,320,725,29
3633,160,725,54
3636,80,725,42
3635,40,725,11
3634,240,725,70
3645,430,727,37
3646,390,727,78
3637,150,726,11
3638,230,726,7
3639,230,726,63
3640,110,726,7
3641,190,726,20
3643,71,726,37
3644,311,726,26
3642,111,726,38
3612,69,721,2
3613,309,721,78
3614,349,721,8
3653,30,729,63
3652,150,729,30
3654,354,729,20
3651,430,729,56
3655,70,730,25
3656,310,730,29
3657,190,730,61
3658,270,730,82
3660,155,730,68
3661,35,730,80
3659,275,730,84
3662,155,730,41
3663,150,731,22
3664,270,731,38
3665,70,731,74
3666,196,731,62
3669,116,731,82
3667,276,731,51
3668,356,731,68
3676,118,733,4
3677,198,733,41
3678,278,733,84
3679,318,733,77
3647,350,728,12
3649,273,728,78
3648,313,728,70
3650,433,728,75
3681,159,734,1
3680,350,734,9
3685,199,734,83
3683,239,734,58
3682,119,734,16
3684,239,734,10
3686,200,735,22
3670,390,732,81
3671,270,732,23
3672,430,732,86
3673,270,732,30
3674,277,732,62
3675,77,732,5
3687,231,736,6
3688,431,736,90
3689,231,736,19
3690,72,736,83
3692,392,736,24
3691,352,736,38
3693,311,737,43
3694,31,737,46
3695,391,737,5
3696,31,737,31
3697,273,737,31
3698,153,737,43
3699,31,738,22
3700,391,738,24
3703,151,738,50
3702,271,738,57
3704,234,738,7
3705,194,738,5
3706,394,738,84
3701,351,738,7
3713,391,740,82
3714,351,740,25
3715,431,740,27
3716,156,740,5
3717,396,740,33
3718,231,741,52
3719,37,741,10
3720,237,741,14
3721,197,741,41
3732,31,743,83
3736,279,743,44
3733,231,743,4
3735,199,743,35
3737,159,743,16
3734,431,743,16
3738,71,744,41
3739,271,744,67
3740,280,744,77
3741,400,744,37
3743,240,744,88
3742,40,744,63
3744,352,745,87
3747,312,745,45
3746,432,745,54
3748,153,745,21
3745,32,745,54
3749,73,745,33
3750,273,745,30
3722,111,742,36
3723,431,742,39
3727,198,742,72
3728,158,742,19
3729,78,742,21
3730,238,742,67
3731,238,742,49
3725,111,742,45
3724,71,742,25
3726,311,742,55
3754,152,747,57
3755,32,747,81
3756,112,747,66
3757,112,747,67
3758,312,747,62
3759,155,747,3
3760,235,747,63
3762,395,747,78
3761,275,747,35
3707,71,739,2
3711,155,739,45
3710,235,739,32
3712,355,739,83
3708,431,739,44
3709,35,739,80
3752,192,746,84
3751,392,746,14
3753,234,746,4
3763,432,748,26
3764,152,748,56
3765,72,748,28
3766,392,748,75
3767,116,748,36
3768,156,748,89
3770,277,749,30
3769,277,749,37
3771,197,749,22
3772,78,750,83
3773,118,750,47
3784,432,752,37
3785,40,752,29
3783,232,752,20
3789,320,752,34
3787,320,752,49
3788,400,752,45
3786,200,752,78
3774,392,751,1
3775,232,751,71
3776,392,751,58
3777,312,751,86
3780,279,751,74
3779,319,751,30
3781,279,751,17
3782,399,751,27
3778,319,751,54
3790,353,753,41
3791,114,753,28
3804,153,757,39
3805,393,757,85
3806,153,757,38
3807,433,757,70
3808,353,757,35
3796,396,755,50
3797,236,755,57
3798,36,755,53
3799,156,755,31
3800,276,755,4
3811,353,758,56
3810,273,758,19
3812,193,758,39
3809,113,758,9
3792,395,754,84
3793,235,754,56
3794,75,754,25
3795,395,754,89
3819,274,760,21
3820,154,760,74
3821,354,760,45
3822,35,760,43
3825,395,760,20
3823,235,760,12
3824,115,760,74
3826,355,760,20
3829,394,761,61
3827,74,761,26
3828,394,761,78
3830,74,761,63
3831,396,761,58
3832,356,761,5
3833,116,761,33
3834,156,761,37
3835,396,761,59
3813,393,759,23
3815,393,759,84
3814,433,759,21
3816,353,759,89
3818,360,759,40
3817,193,759,44
3841,394,763,87
3842,154,763,38
3843,398,763,45
3845,318,763,48
3844,38,763,11
3846,198,763,27
3847,118,763,49
3838,234,762,79
3839,277,762,56
3840,317,762,15
3837,74,762,42
3836,74,762,12
3803,397,756,44
3801,153,756,44
3802,157,756,48
3857,34,765,39
3858,354,765,52
3859,354,765,84
3860,314,765,81
3861,114,765,79
3862,160,765,88
3864,75,766,5
3863,395,766,53
3868,276,766,53
3866,75,766,39
3865,155,766,20
3867,75,766,78
3848,154,764,59
3849,114,764,83
3853,199,764,77
3854,239,764,32
3855,159,764,68
3856,159,764,70
3851,114,764,78
3850,34,764,19
3852,194,764,40
3869,155,767,36
3890,396,771,9
3891,316,771,90
3892,37,771,38
3894,357,771,21
3895,357,771,41
3893,397,771,50
3896,276,772,51
3897,318,772,49
3898,236,773,62
3899,36,773,81
3902,316,773,26
3901,356,773,12
3904,319,773,89
3903,119,773,4
3905,159,773,32
3906,359,773,72
3900,156,773,37
3878,75,769,11
3877,395,769,4
3879,395,769,3
3881,359,769,53
3880,355,769,27
3882,319,769,65
3876,315,769,62
3884,279,769,42
3883,199,769,3
3907,156,774,51
3909,76,774,11
3910,276,774,32
3908,316,774,3
3911,357,775,62
3912,77,775,52
3913,358,775,14
3914,38,775,15
3915,38,775,14
3916,38,775,13
3917,198,775,76
3920,277,776,14
3921,159,776,39
3922,39,776,67
3923,319,776,46
3924,159,776,90
3918,317,776,54
3925,79,776,83
3919,197,776,34
3885,195,770,81
3886,235,770,26
3887,395,770,44
3888,235,770,48
3889,155,770,53
3870,315,768,65
3871,115,768,26
3873,158,768,60
3872,355,768,54
3874,38,768,31
3875,398,768,23
3926,77,777,12
3930,198,778,89
3927,278,778,55
3929,318,778,26
3931,399,778,9
3928,278,778,13
3932,320,779,85
3933,280,779,1
3934,120,779,61
3935,120,779,14
3936,40,779,56
3937,359,780,89
3939,239,780,15
3938,79,780,70
3940,119,780,43
3941,399,780,34
3942,240,780,22
3943,160,780,34
